partition,jobname,numfiles,cpuspertask,mem,gres,threads,timelimit,constraints,cmd
regular,bwagatk-t8-cl,1,8,15,gpu:0,8,120,Broadwell,"module load bwa/0.7.17 gatk/4.2.5.0 && ln -s /vast/projects/RCP/23-02-new-nodes-testing/bwa-gatk/bwa-test-files/samples samples && bwa mem -t 8 -K 10000000 -R '@RG\tID:sample_rg1\tLB:lib1\tPL:bar\tSM:sample\tPU:sample_rg1' /vast/projects/RCP/23-02-new-nodes-testing/bwa-gatk/bwa-test-files/Homo_sapiens_assembly38.fasta samples/* | gatk SortSam --java-options '-Xmx30g -XX:-UsePerfData' --MAX_RECORDS_IN_RAM 250000 -I /dev/stdin -O out.bam --SORT_ORDER coordinate --TMP_DIR /tmp/bwagatk-t8-cl"
regular,bwagatk-t4-cl,1,8,15,gpu:0,8,120,Broadwell,"module load bwa/0.7.17 gatk/4.2.5.0 && ln -s /vast/projects/RCP/23-02-new-nodes-testing/bwa-gatk/bwa-test-files/samples samples && bwa mem -t 4 -K 10000000 -R '@RG\tID:sample_rg1\tLB:lib1\tPL:bar\tSM:sample\tPU:sample_rg1' /vast/projects/RCP/23-02-new-nodes-testing/bwa-gatk/bwa-test-files/Homo_sapiens_assembly38.fasta samples/* | gatk SortSam --java-options '-Xmx30g -XX:-UsePerfData' --MAX_RECORDS_IN_RAM 250000 -I /dev/stdin -O out.bam --SORT_ORDER coordinate --TMP_DIR /tmp/bwagatk-t4-cl"
regular,bwagatk-t8-il,1,8,15,gpu:0,8,120,Broadwell,"module load bwa/0.7.17 gatk/4.2.5.0 && ln -s /vast/projects/RCP/23-02-new-nodes-testing/bwa-gatk/bwa-test-files/samples samples && bwa mem -t 8 -K 10000000 -R '@RG\tID:sample_rg1\tLB:lib1\tPL:bar\tSM:sample\tPU:sample_rg1' /vast/projects/RCP/23-02-new-nodes-testing/bwa-gatk/bwa-test-files/Homo_sapiens_assembly38.fasta samples/* | gatk SortSam --java-options '-Xmx30g -XX:-UsePerfData' --MAX_RECORDS_IN_RAM 250000 -I /dev/stdin -O out.bam --SORT_ORDER coordinate --TMP_DIR /tmp/bwagatk-t8-il"
regular,bwagatk-t4-il,1,8,15,gpu:0,8,120,Broadwell,"module load bwa/0.7.17 gatk/4.2.5.0 && ln -s /vast/projects/RCP/23-02-new-nodes-testing/bwa-gatk/bwa-test-files/samples samples && bwa mem -t 4 -K 10000000 -R '@RG\tID:sample_rg1\tLB:lib1\tPL:bar\tSM:sample\tPU:sample_rg1' /vast/projects/RCP/23-02-new-nodes-testing/bwa-gatk/bwa-test-files/Homo_sapiens_assembly38.fasta samples/* | gatk SortSam --java-options '-Xmx30g -XX:-UsePerfData' --MAX_RECORDS_IN_RAM 250000 -I /dev/stdin -O out.bam --SORT_ORDER coordinate --TMP_DIR /tmp/bwagatk-t4-il"
regular,nf-methylseq-cl-1,1,4,10,gpu:0,8,360,Broadwell,"module load nextflow && export NXF_OPTS='-XX:-UsePerfData -Xms500M -Xmx4G' NXF_WORK=work NXF_TEMP=/tmp/nf-methylseq-cl-1/tmp outdir=output SINGULARITY_TMPDIR=/tmp SINGULARITY_CACHEDIR=/vast/scratch/users/$USER/.scache && mkdir -p ${NXF_WORK} ${NXF_TEMP} ${SINGULARITY_TMPDIR} ${outdir} ${SINGULARITY_CACHEDIR} && nextflow run -process.executor=local nf-core/methylseq -r 2.4.0 -profile test,singularity --outdir $outdir"
regular,nf-methylseq-cl-2,1,4,10,gpu:0,8,360,Broadwell,"module load nextflow && export NXF_OPTS='-XX:-UsePerfData -Xms500M -Xmx4G' NXF_WORK=work NXF_TEMP=/tmp/nf-methylseq-cl-2/tmp outdir=output SINGULARITY_TMPDIR=/tmp SINGULARITY_CACHEDIR=/vast/scratch/users/$USER/.scache && mkdir -p ${NXF_WORK} ${NXF_TEMP} ${SINGULARITY_TMPDIR} ${outdir} ${SINGULARITY_CACHEDIR} && nextflow run -process.executor=local nf-core/methylseq -r 2.4.0 -profile test,singularity --outdir $outdir"
regular,nf-methylseq-cl-3,1,4,10,gpu:0,8,360,Broadwell,"module load nextflow && export NXF_OPTS='-XX:-UsePerfData -Xms500M -Xmx4G' NXF_WORK=work NXF_TEMP=/tmp/nf-methylseq-cl-3/tmp outdir=output SINGULARITY_TMPDIR=/tmp SINGULARITY_CACHEDIR=/vast/scratch/users/$USER/.scache && mkdir -p ${NXF_WORK} ${NXF_TEMP} ${SINGULARITY_TMPDIR} ${outdir} ${SINGULARITY_CACHEDIR} && nextflow run -process.executor=local nf-core/methylseq -r 2.4.0 -profile test,singularity --outdir $outdir"
regular,nf-methylseq-cl-4,1,4,10,gpu:0,8,360,Broadwell,"module load nextflow && export NXF_OPTS='-XX:-UsePerfData -Xms500M -Xmx4G' NXF_WORK=work NXF_TEMP=/tmp/nf-methylseq-cl-4/tmp outdir=output SINGULARITY_TMPDIR=/tmp SINGULARITY_CACHEDIR=/vast/scratch/users/$USER/.scache && mkdir -p ${NXF_WORK} ${NXF_TEMP} ${SINGULARITY_TMPDIR} ${outdir} ${SINGULARITY_CACHEDIR} && nextflow run -process.executor=local nf-core/methylseq -r 2.4.0 -profile test,singularity --outdir $outdir"
regular,nf-methylseq-cl-5,1,4,10,gpu:0,8,360,Broadwell,"module load nextflow && export NXF_OPTS='-XX:-UsePerfData -Xms500M -Xmx4G' NXF_WORK=work NXF_TEMP=/tmp/nf-methylseq-cl-5/tmp outdir=output SINGULARITY_TMPDIR=/tmp SINGULARITY_CACHEDIR=/vast/scratch/users/$USER/.scache && mkdir -p ${NXF_WORK} ${NXF_TEMP} ${SINGULARITY_TMPDIR} ${outdir} ${SINGULARITY_CACHEDIR} && nextflow run -process.executor=local nf-core/methylseq -r 2.4.0 -profile test,singularity --outdir $outdir"
regular,nf-nanoseq-cl-1,1,4,10,gpu:0,8,360,Broadwell,"module load nextflow && export NXF_OPTS='-XX:-UsePerfData -Xms500M -Xmx4G' NXF_WORK=work NXF_TEMP=/tmp/nf-nanoseq-cl-1/tmp outdir=output SINGULARITY_TMPDIR=/tmp SINGULARITY_CACHEDIR=/vast/scratch/users/$USER/.scache && mkdir -p ${NXF_WORK} ${NXF_TEMP} ${SINGULARITY_TMPDIR} ${outdir} ${SINGULARITY_CACHEDIR} && nextflow run -process.executor=local nf-core/nanoseq -r 3.1.0 -profile test,singularity --outdir $outdir"
regular,nf-nanoseq-cl-2,1,4,10,gpu:0,8,360,Broadwell,"module load nextflow && export NXF_OPTS='-XX:-UsePerfData -Xms500M -Xmx4G' NXF_WORK=work NXF_TEMP=/tmp/nf-nanoseq-cl-2/tmp outdir=output SINGULARITY_TMPDIR=/tmp SINGULARITY_CACHEDIR=/vast/scratch/users/$USER/.scache && mkdir -p ${NXF_WORK} ${NXF_TEMP} ${SINGULARITY_TMPDIR} ${outdir} ${SINGULARITY_CACHEDIR} && nextflow run -process.executor=local nf-core/nanoseq -r 3.1.0 -profile test,singularity --outdir $outdir"
regular,nf-nanoseq-cl-3,1,4,10,gpu:0,8,360,Broadwell,"module load nextflow && export NXF_OPTS='-XX:-UsePerfData -Xms500M -Xmx4G' NXF_WORK=work NXF_TEMP=/tmp/nf-nanoseq-cl-3/tmp outdir=output SINGULARITY_TMPDIR=/tmp SINGULARITY_CACHEDIR=/vast/scratch/users/$USER/.scache && mkdir -p ${NXF_WORK} ${NXF_TEMP} ${SINGULARITY_TMPDIR} ${outdir} ${SINGULARITY_CACHEDIR} && nextflow run -process.executor=local nf-core/nanoseq -r 3.1.0 -profile test,singularity --outdir $outdir"
regular,nf-nanoseq-cl-4,1,4,10,gpu:0,8,360,Broadwell,"module load nextflow && export NXF_OPTS='-XX:-UsePerfData -Xms500M -Xmx4G' NXF_WORK=work NXF_TEMP=/tmp/nf-nanoseq-cl-4/tmp outdir=output SINGULARITY_TMPDIR=/tmp SINGULARITY_CACHEDIR=/vast/scratch/users/$USER/.scache && mkdir -p ${NXF_WORK} ${NXF_TEMP} ${SINGULARITY_TMPDIR} ${outdir} ${SINGULARITY_CACHEDIR} && nextflow run -process.executor=local nf-core/nanoseq -r 3.1.0 -profile test,singularity --outdir $outdir"
regular,nf-nanoseq-cl-5,1,4,10,gpu:0,8,360,Broadwell,"module load nextflow && export NXF_OPTS='-XX:-UsePerfData -Xms500M -Xmx4G' NXF_WORK=work NXF_TEMP=/tmp/nf-nanoseq-cl-5/tmp outdir=output SINGULARITY_TMPDIR=/tmp SINGULARITY_CACHEDIR=/vast/scratch/users/$USER/.scache && mkdir -p ${NXF_WORK} ${NXF_TEMP} ${SINGULARITY_TMPDIR} ${outdir} ${SINGULARITY_CACHEDIR} && nextflow run -process.executor=local nf-core/nanoseq -r 3.1.0 -profile test,singularity --outdir $outdir"
regular,nf-viralrecon-cl-1,1,4,10,gpu:0,8,360,Broadwell,"module load nextflow && export NXF_OPTS='-XX:-UsePerfData -Xms500M -Xmx4G' NXF_WORK=work NXF_TEMP=/tmp/nf-viralrecon-cl-1/tmp outdir=output SINGULARITY_TMPDIR=/tmp SINGULARITY_CACHEDIR=/vast/scratch/users/$USER/.scache && mkdir -p ${NXF_WORK} ${NXF_TEMP} ${SINGULARITY_TMPDIR} ${outdir} ${SINGULARITY_CACHEDIR} && nextflow run -process.executor=local nf-core/viralrecon -r 2.6.0 -profile test,singularity --outdir $outdir"
regular,nf-viralrecon-cl-2,1,4,10,gpu:0,8,360,Broadwell,"module load nextflow && export NXF_OPTS='-XX:-UsePerfData -Xms500M -Xmx4G' NXF_WORK=work NXF_TEMP=/tmp/nf-viralrecon-cl-2/tmp outdir=output SINGULARITY_TMPDIR=/tmp SINGULARITY_CACHEDIR=/vast/scratch/users/$USER/.scache && mkdir -p ${NXF_WORK} ${NXF_TEMP} ${SINGULARITY_TMPDIR} ${outdir} ${SINGULARITY_CACHEDIR} && nextflow run -process.executor=local nf-core/viralrecon -r 2.6.0 -profile test,singularity --outdir $outdir"
regular,nf-viralrecon-cl-3,1,4,10,gpu:0,8,360,Broadwell,"module load nextflow && export NXF_OPTS='-XX:-UsePerfData -Xms500M -Xmx4G' NXF_WORK=work NXF_TEMP=/tmp/nf-viralrecon-cl-3/tmp outdir=output SINGULARITY_TMPDIR=/tmp SINGULARITY_CACHEDIR=/vast/scratch/users/$USER/.scache && mkdir -p ${NXF_WORK} ${NXF_TEMP} ${SINGULARITY_TMPDIR} ${outdir} ${SINGULARITY_CACHEDIR} && nextflow run -process.executor=local nf-core/viralrecon -r 2.6.0 -profile test,singularity --outdir $outdir"
regular,nf-viralrecon-cl-4,1,4,10,gpu:0,8,360,Broadwell,"module load nextflow && export NXF_OPTS='-XX:-UsePerfData -Xms500M -Xmx4G' NXF_WORK=work NXF_TEMP=/tmp/nf-viralrecon-cl-4/tmp outdir=output SINGULARITY_TMPDIR=/tmp SINGULARITY_CACHEDIR=/vast/scratch/users/$USER/.scache && mkdir -p ${NXF_WORK} ${NXF_TEMP} ${SINGULARITY_TMPDIR} ${outdir} ${SINGULARITY_CACHEDIR} && nextflow run -process.executor=local nf-core/viralrecon -r 2.6.0 -profile test,singularity --outdir $outdir"
regular,nf-viralrecon-cl-5,1,4,10,gpu:0,8,360,Broadwell,"module load nextflow && export NXF_OPTS='-XX:-UsePerfData -Xms500M -Xmx4G' NXF_WORK=work NXF_TEMP=/tmp/nf-viralrecon-cl-5/tmp outdir=output SINGULARITY_TMPDIR=/tmp SINGULARITY_CACHEDIR=/vast/scratch/users/$USER/.scache && mkdir -p ${NXF_WORK} ${NXF_TEMP} ${SINGULARITY_TMPDIR} ${outdir} ${SINGULARITY_CACHEDIR} && nextflow run -process.executor=local nf-core/viralrecon -r 2.6.0 -profile test,singularity --outdir $outdir"
regular,nf-sarek-cl-1,1,4,10,gpu:0,8,360,Broadwell,"module load nextflow && export NXF_OPTS='-XX:-UsePerfData -Xms500M -Xmx4G' NXF_WORK=work NXF_TEMP=/tmp/nf-sarek-cl-1/tmp outdir=output SINGULARITY_TMPDIR=/tmp SINGULARITY_CACHEDIR=/vast/scratch/users/$USER/.scache && mkdir -p ${NXF_WORK} ${NXF_TEMP} ${SINGULARITY_TMPDIR} ${outdir} ${SINGULARITY_CACHEDIR} && nextflow run -process.executor=local nf-core/sarek -r 3.2.0 -profile test,singularity --outdir $outdir"
regular,nf-sarek-cl-2,1,4,10,gpu:0,8,360,Broadwell,"module load nextflow && export NXF_OPTS='-XX:-UsePerfData -Xms500M -Xmx4G' NXF_WORK=work NXF_TEMP=/tmp/nf-sarek-cl-2/tmp outdir=output SINGULARITY_TMPDIR=/tmp SINGULARITY_CACHEDIR=/vast/scratch/users/$USER/.scache && mkdir -p ${NXF_WORK} ${NXF_TEMP} ${SINGULARITY_TMPDIR} ${outdir} ${SINGULARITY_CACHEDIR} && nextflow run -process.executor=local nf-core/sarek -r 3.2.0 -profile test,singularity --outdir $outdir"
regular,nf-sarek-cl-3,1,4,10,gpu:0,8,360,Broadwell,"module load nextflow && export NXF_OPTS='-XX:-UsePerfData -Xms500M -Xmx4G' NXF_WORK=work NXF_TEMP=/tmp/nf-sarek-cl-3/tmp outdir=output SINGULARITY_TMPDIR=/tmp SINGULARITY_CACHEDIR=/vast/scratch/users/$USER/.scache && mkdir -p ${NXF_WORK} ${NXF_TEMP} ${SINGULARITY_TMPDIR} ${outdir} ${SINGULARITY_CACHEDIR} && nextflow run -process.executor=local nf-core/sarek -r 3.2.0 -profile test,singularity --outdir $outdir"
regular,nf-sarek-cl-4,1,4,10,gpu:0,8,360,Broadwell,"module load nextflow && export NXF_OPTS='-XX:-UsePerfData -Xms500M -Xmx4G' NXF_WORK=work NXF_TEMP=/tmp/nf-sarek-cl-4/tmp outdir=output SINGULARITY_TMPDIR=/tmp SINGULARITY_CACHEDIR=/vast/scratch/users/$USER/.scache && mkdir -p ${NXF_WORK} ${NXF_TEMP} ${SINGULARITY_TMPDIR} ${outdir} ${SINGULARITY_CACHEDIR} && nextflow run -process.executor=local nf-core/sarek -r 3.2.0 -profile test,singularity --outdir $outdir"
regular,nf-sarek-cl-5,1,4,10,gpu:0,8,360,Broadwell,"module load nextflow && export NXF_OPTS='-XX:-UsePerfData -Xms500M -Xmx4G' NXF_WORK=work NXF_TEMP=/tmp/nf-sarek-cl-5/tmp outdir=output SINGULARITY_TMPDIR=/tmp SINGULARITY_CACHEDIR=/vast/scratch/users/$USER/.scache && mkdir -p ${NXF_WORK} ${NXF_TEMP} ${SINGULARITY_TMPDIR} ${outdir} ${SINGULARITY_CACHEDIR} && nextflow run -process.executor=local nf-core/sarek -r 3.2.0 -profile test,singularity --outdir $outdir"
regular,nf-rnaseq-cl-1,1,4,10,gpu:0,8,360,Broadwell,"module load nextflow && export NXF_OPTS='-XX:-UsePerfData -Xms500M -Xmx4G' NXF_WORK=work NXF_TEMP=/tmp/nf-rnaseq-cl-1/tmp outdir=output SINGULARITY_TMPDIR=/tmp SINGULARITY_CACHEDIR=/vast/scratch/users/$USER/.scache && mkdir -p ${NXF_WORK} ${NXF_TEMP} ${SINGULARITY_TMPDIR} ${outdir} ${SINGULARITY_CACHEDIR} && nextflow run -process.executor=local nf-core/rnaseq -r 3.11.2 -profile test,singularity --outdir $outdir"
regular,nf-rnaseq-cl-2,1,4,10,gpu:0,8,360,Broadwell,"module load nextflow && export NXF_OPTS='-XX:-UsePerfData -Xms500M -Xmx4G' NXF_WORK=work NXF_TEMP=/tmp/nf-rnaseq-cl-2/tmp outdir=output SINGULARITY_TMPDIR=/tmp SINGULARITY_CACHEDIR=/vast/scratch/users/$USER/.scache && mkdir -p ${NXF_WORK} ${NXF_TEMP} ${SINGULARITY_TMPDIR} ${outdir} ${SINGULARITY_CACHEDIR} && nextflow run -process.executor=local nf-core/rnaseq -r 3.11.2 -profile test,singularity --outdir $outdir"
regular,nf-rnaseq-cl-3,1,4,10,gpu:0,8,360,Broadwell,"module load nextflow && export NXF_OPTS='-XX:-UsePerfData -Xms500M -Xmx4G' NXF_WORK=work NXF_TEMP=/tmp/nf-rnaseq-cl-3/tmp outdir=output SINGULARITY_TMPDIR=/tmp SINGULARITY_CACHEDIR=/vast/scratch/users/$USER/.scache && mkdir -p ${NXF_WORK} ${NXF_TEMP} ${SINGULARITY_TMPDIR} ${outdir} ${SINGULARITY_CACHEDIR} && nextflow run -process.executor=local nf-core/rnaseq -r 3.11.2 -profile test,singularity --outdir $outdir"
regular,nf-rnaseq-cl-4,1,4,10,gpu:0,8,360,Broadwell,"module load nextflow && export NXF_OPTS='-XX:-UsePerfData -Xms500M -Xmx4G' NXF_WORK=work NXF_TEMP=/tmp/nf-rnaseq-cl-4/tmp outdir=output SINGULARITY_TMPDIR=/tmp SINGULARITY_CACHEDIR=/vast/scratch/users/$USER/.scache && mkdir -p ${NXF_WORK} ${NXF_TEMP} ${SINGULARITY_TMPDIR} ${outdir} ${SINGULARITY_CACHEDIR} && nextflow run -process.executor=local nf-core/rnaseq -r 3.11.2 -profile test,singularity --outdir $outdir"
regular,nf-rnaseq-cl-5,1,4,10,gpu:0,8,360,Broadwell,"module load nextflow && export NXF_OPTS='-XX:-UsePerfData -Xms500M -Xmx4G' NXF_WORK=work NXF_TEMP=/tmp/nf-rnaseq-cl-5/tmp outdir=output SINGULARITY_TMPDIR=/tmp SINGULARITY_CACHEDIR=/vast/scratch/users/$USER/.scache && mkdir -p ${NXF_WORK} ${NXF_TEMP} ${SINGULARITY_TMPDIR} ${outdir} ${SINGULARITY_CACHEDIR} && nextflow run -process.executor=local nf-core/rnaseq -r 3.11.2 -profile test,singularity --outdir $outdir"
regular,nf-chipseq-cl-1,1,4,10,gpu:0,8,360,Broadwell,"module load nextflow && export NXF_OPTS='-XX:-UsePerfData -Xms500M -Xmx4G' NXF_WORK=work NXF_TEMP=/tmp/nf-chipseq-cl-1/tmp outdir=output SINGULARITY_TMPDIR=/tmp SINGULARITY_CACHEDIR=/vast/scratch/users/$USER/.scache && mkdir -p ${NXF_WORK} ${NXF_TEMP} ${SINGULARITY_TMPDIR} ${outdir} ${SINGULARITY_CACHEDIR} && nextflow run -process.executor=local nf-core/chipseq -r 2.0.0 -profile test,singularity --outdir $outdir"
regular,nf-chipseq-cl-2,1,4,10,gpu:0,8,360,Broadwell,"module load nextflow && export NXF_OPTS='-XX:-UsePerfData -Xms500M -Xmx4G' NXF_WORK=work NXF_TEMP=/tmp/nf-chipseq-cl-2/tmp outdir=output SINGULARITY_TMPDIR=/tmp SINGULARITY_CACHEDIR=/vast/scratch/users/$USER/.scache && mkdir -p ${NXF_WORK} ${NXF_TEMP} ${SINGULARITY_TMPDIR} ${outdir} ${SINGULARITY_CACHEDIR} && nextflow run -process.executor=local nf-core/chipseq -r 2.0.0 -profile test,singularity --outdir $outdir"
regular,nf-chipseq-cl-3,1,4,10,gpu:0,8,360,Broadwell,"module load nextflow && export NXF_OPTS='-XX:-UsePerfData -Xms500M -Xmx4G' NXF_WORK=work NXF_TEMP=/tmp/nf-chipseq-cl-3/tmp outdir=output SINGULARITY_TMPDIR=/tmp SINGULARITY_CACHEDIR=/vast/scratch/users/$USER/.scache && mkdir -p ${NXF_WORK} ${NXF_TEMP} ${SINGULARITY_TMPDIR} ${outdir} ${SINGULARITY_CACHEDIR} && nextflow run -process.executor=local nf-core/chipseq -r 2.0.0 -profile test,singularity --outdir $outdir"
regular,nf-chipseq-cl-4,1,4,10,gpu:0,8,360,Broadwell,"module load nextflow && export NXF_OPTS='-XX:-UsePerfData -Xms500M -Xmx4G' NXF_WORK=work NXF_TEMP=/tmp/nf-chipseq-cl-4/tmp outdir=output SINGULARITY_TMPDIR=/tmp SINGULARITY_CACHEDIR=/vast/scratch/users/$USER/.scache && mkdir -p ${NXF_WORK} ${NXF_TEMP} ${SINGULARITY_TMPDIR} ${outdir} ${SINGULARITY_CACHEDIR} && nextflow run -process.executor=local nf-core/chipseq -r 2.0.0 -profile test,singularity --outdir $outdir"
regular,nf-chipseq-cl-5,1,4,10,gpu:0,8,360,Broadwell,"module load nextflow && export NXF_OPTS='-XX:-UsePerfData -Xms500M -Xmx4G' NXF_WORK=work NXF_TEMP=/tmp/nf-chipseq-cl-5/tmp outdir=output SINGULARITY_TMPDIR=/tmp SINGULARITY_CACHEDIR=/vast/scratch/users/$USER/.scache && mkdir -p ${NXF_WORK} ${NXF_TEMP} ${SINGULARITY_TMPDIR} ${outdir} ${SINGULARITY_CACHEDIR} && nextflow run -process.executor=local nf-core/chipseq -r 2.0.0 -profile test,singularity --outdir $outdir"
regular,nf-atacseq-cl-1,1,4,10,gpu:0,8,360,Broadwell,"module load nextflow && export NXF_OPTS='-XX:-UsePerfData -Xms500M -Xmx4G' NXF_WORK=work NXF_TEMP=/tmp/nf-atacseq-cl-1/tmp outdir=output SINGULARITY_TMPDIR=/tmp SINGULARITY_CACHEDIR=/vast/scratch/users/$USER/.scache && mkdir -p ${NXF_WORK} ${NXF_TEMP} ${SINGULARITY_TMPDIR} ${outdir} ${SINGULARITY_CACHEDIR} && nextflow run -process.executor=local nf-core/atacseq -profile test,singularity --outdir $outdir"
regular,nf-atacseq-cl-2,1,4,10,gpu:0,8,360,Broadwell,"module load nextflow && export NXF_OPTS='-XX:-UsePerfData -Xms500M -Xmx4G' NXF_WORK=work NXF_TEMP=/tmp/nf-atacseq-cl-2/tmp outdir=output SINGULARITY_TMPDIR=/tmp SINGULARITY_CACHEDIR=/vast/scratch/users/$USER/.scache && mkdir -p ${NXF_WORK} ${NXF_TEMP} ${SINGULARITY_TMPDIR} ${outdir} ${SINGULARITY_CACHEDIR} && nextflow run -process.executor=local nf-core/atacseq -profile test,singularity --outdir $outdir"
regular,nf-atacseq-cl-3,1,4,10,gpu:0,8,360,Broadwell,"module load nextflow && export NXF_OPTS='-XX:-UsePerfData -Xms500M -Xmx4G' NXF_WORK=work NXF_TEMP=/tmp/nf-atacseq-cl-3/tmp outdir=output SINGULARITY_TMPDIR=/tmp SINGULARITY_CACHEDIR=/vast/scratch/users/$USER/.scache && mkdir -p ${NXF_WORK} ${NXF_TEMP} ${SINGULARITY_TMPDIR} ${outdir} ${SINGULARITY_CACHEDIR} && nextflow run -process.executor=local nf-core/atacseq -profile test,singularity --outdir $outdir"
regular,nf-atacseq-cl-4,1,4,10,gpu:0,8,360,Broadwell,"module load nextflow && export NXF_OPTS='-XX:-UsePerfData -Xms500M -Xmx4G' NXF_WORK=work NXF_TEMP=/tmp/nf-atacseq-cl-4/tmp outdir=output SINGULARITY_TMPDIR=/tmp SINGULARITY_CACHEDIR=/vast/scratch/users/$USER/.scache && mkdir -p ${NXF_WORK} ${NXF_TEMP} ${SINGULARITY_TMPDIR} ${outdir} ${SINGULARITY_CACHEDIR} && nextflow run -process.executor=local nf-core/atacseq -profile test,singularity --outdir $outdir"
regular,nf-atacseq-cl-5,1,4,10,gpu:0,8,360,Broadwell,"module load nextflow && export NXF_OPTS='-XX:-UsePerfData -Xms500M -Xmx4G' NXF_WORK=work NXF_TEMP=/tmp/nf-atacseq-cl-5/tmp outdir=output SINGULARITY_TMPDIR=/tmp SINGULARITY_CACHEDIR=/vast/scratch/users/$USER/.scache && mkdir -p ${NXF_WORK} ${NXF_TEMP} ${SINGULARITY_TMPDIR} ${outdir} ${SINGULARITY_CACHEDIR} && nextflow run -process.executor=local nf-core/atacseq -profile test,singularity --outdir $outdir"
regular,nf-mag-cl-1,1,4,10,gpu:0,8,360,Broadwell,"module load nextflow && export NXF_OPTS='-XX:-UsePerfData -Xms500M -Xmx4G' NXF_WORK=work NXF_TEMP=/tmp/nf-mag-cl-1/tmp outdir=output SINGULARITY_TMPDIR=/tmp SINGULARITY_CACHEDIR=/vast/scratch/users/$USER/.scache && mkdir -p ${NXF_WORK} ${NXF_TEMP} ${SINGULARITY_TMPDIR} ${outdir} ${SINGULARITY_CACHEDIR} && nextflow run -process.executor=local nf-core/mag -r 2.3.0 -profile test,singularity --outdir $outdir"
regular,nf-mag-cl-2,1,4,10,gpu:0,8,360,Broadwell,"module load nextflow && export NXF_OPTS='-XX:-UsePerfData -Xms500M -Xmx4G' NXF_WORK=work NXF_TEMP=/tmp/nf-mag-cl-2/tmp outdir=output SINGULARITY_TMPDIR=/tmp SINGULARITY_CACHEDIR=/vast/scratch/users/$USER/.scache && mkdir -p ${NXF_WORK} ${NXF_TEMP} ${SINGULARITY_TMPDIR} ${outdir} ${SINGULARITY_CACHEDIR} && nextflow run -process.executor=local nf-core/mag -r 2.3.0 -profile test,singularity --outdir $outdir"
regular,nf-mag-cl-3,1,4,10,gpu:0,8,360,Broadwell,"module load nextflow && export NXF_OPTS='-XX:-UsePerfData -Xms500M -Xmx4G' NXF_WORK=work NXF_TEMP=/tmp/nf-mag-cl-3/tmp outdir=output SINGULARITY_TMPDIR=/tmp SINGULARITY_CACHEDIR=/vast/scratch/users/$USER/.scache && mkdir -p ${NXF_WORK} ${NXF_TEMP} ${SINGULARITY_TMPDIR} ${outdir} ${SINGULARITY_CACHEDIR} && nextflow run -process.executor=local nf-core/mag -r 2.3.0 -profile test,singularity --outdir $outdir"
regular,nf-mag-cl-4,1,4,10,gpu:0,8,360,Broadwell,"module load nextflow && export NXF_OPTS='-XX:-UsePerfData -Xms500M -Xmx4G' NXF_WORK=work NXF_TEMP=/tmp/nf-mag-cl-4/tmp outdir=output SINGULARITY_TMPDIR=/tmp SINGULARITY_CACHEDIR=/vast/scratch/users/$USER/.scache && mkdir -p ${NXF_WORK} ${NXF_TEMP} ${SINGULARITY_TMPDIR} ${outdir} ${SINGULARITY_CACHEDIR} && nextflow run -process.executor=local nf-core/mag -r 2.3.0 -profile test,singularity --outdir $outdir"
regular,nf-mag-cl-5,1,4,10,gpu:0,8,360,Broadwell,"module load nextflow && export NXF_OPTS='-XX:-UsePerfData -Xms500M -Xmx4G' NXF_WORK=work NXF_TEMP=/tmp/nf-mag-cl-5/tmp outdir=output SINGULARITY_TMPDIR=/tmp SINGULARITY_CACHEDIR=/vast/scratch/users/$USER/.scache && mkdir -p ${NXF_WORK} ${NXF_TEMP} ${SINGULARITY_TMPDIR} ${outdir} ${SINGULARITY_CACHEDIR} && nextflow run -process.executor=local nf-core/mag -r 2.3.0 -profile test,singularity --outdir $outdir"
regular,nf-ampliseq-cl-1,1,4,10,gpu:0,8,360,Broadwell,"module load nextflow && export NXF_OPTS='-XX:-UsePerfData -Xms500M -Xmx4G' NXF_WORK=work NXF_TEMP=/tmp/nf-ampliseq-cl-1/tmp outdir=output SINGULARITY_TMPDIR=/tmp SINGULARITY_CACHEDIR=/vast/scratch/users/$USER/.scache && mkdir -p ${NXF_WORK} ${NXF_TEMP} ${SINGULARITY_TMPDIR} ${outdir} ${SINGULARITY_CACHEDIR} && nextflow run -process.executor=local nf-core/ampliseq -r 2.6.0 -profile test,singularity --outdir $outdir"
regular,nf-ampliseq-cl-2,1,4,10,gpu:0,8,360,Broadwell,"module load nextflow && export NXF_OPTS='-XX:-UsePerfData -Xms500M -Xmx4G' NXF_WORK=work NXF_TEMP=/tmp/nf-ampliseq-cl-2/tmp outdir=output SINGULARITY_TMPDIR=/tmp SINGULARITY_CACHEDIR=/vast/scratch/users/$USER/.scache && mkdir -p ${NXF_WORK} ${NXF_TEMP} ${SINGULARITY_TMPDIR} ${outdir} ${SINGULARITY_CACHEDIR} && nextflow run -process.executor=local nf-core/ampliseq -r 2.6.0 -profile test,singularity --outdir $outdir"
regular,nf-ampliseq-cl-3,1,4,10,gpu:0,8,360,Broadwell,"module load nextflow && export NXF_OPTS='-XX:-UsePerfData -Xms500M -Xmx4G' NXF_WORK=work NXF_TEMP=/tmp/nf-ampliseq-cl-3/tmp outdir=output SINGULARITY_TMPDIR=/tmp SINGULARITY_CACHEDIR=/vast/scratch/users/$USER/.scache && mkdir -p ${NXF_WORK} ${NXF_TEMP} ${SINGULARITY_TMPDIR} ${outdir} ${SINGULARITY_CACHEDIR} && nextflow run -process.executor=local nf-core/ampliseq -r 2.6.0 -profile test,singularity --outdir $outdir"
regular,nf-ampliseq-cl-4,1,4,10,gpu:0,8,360,Broadwell,"module load nextflow && export NXF_OPTS='-XX:-UsePerfData -Xms500M -Xmx4G' NXF_WORK=work NXF_TEMP=/tmp/nf-ampliseq-cl-4/tmp outdir=output SINGULARITY_TMPDIR=/tmp SINGULARITY_CACHEDIR=/vast/scratch/users/$USER/.scache && mkdir -p ${NXF_WORK} ${NXF_TEMP} ${SINGULARITY_TMPDIR} ${outdir} ${SINGULARITY_CACHEDIR} && nextflow run -process.executor=local nf-core/ampliseq -r 2.6.0 -profile test,singularity --outdir $outdir"
regular,nf-ampliseq-cl-5,1,4,10,gpu:0,8,360,Broadwell,"module load nextflow && export NXF_OPTS='-XX:-UsePerfData -Xms500M -Xmx4G' NXF_WORK=work NXF_TEMP=/tmp/nf-ampliseq-cl-5/tmp outdir=output SINGULARITY_TMPDIR=/tmp SINGULARITY_CACHEDIR=/vast/scratch/users/$USER/.scache && mkdir -p ${NXF_WORK} ${NXF_TEMP} ${SINGULARITY_TMPDIR} ${outdir} ${SINGULARITY_CACHEDIR} && nextflow run -process.executor=local nf-core/ampliseq -r 2.6.0 -profile test,singularity --outdir $outdir"
regular,nf-methylseq-il-1,1,4,10,gpu:0,8,360,Broadwell,"module load nextflow && export NXF_OPTS='-XX:-UsePerfData -Xms500M -Xmx4G' NXF_WORK=work NXF_TEMP=/tmp/nf-methylseq-il-1/tmp outdir=output SINGULARITY_TMPDIR=/tmp SINGULARITY_CACHEDIR=/vast/scratch/users/$USER/.scache && mkdir -p ${NXF_WORK} ${NXF_TEMP} ${SINGULARITY_TMPDIR} ${outdir} ${SINGULARITY_CACHEDIR} && nextflow run -process.executor=local nf-core/methylseq -r 2.4.0 -profile test,singularity --outdir $outdir"
regular,nf-methylseq-il-2,1,4,10,gpu:0,8,360,Broadwell,"module load nextflow && export NXF_OPTS='-XX:-UsePerfData -Xms500M -Xmx4G' NXF_WORK=work NXF_TEMP=/tmp/nf-methylseq-il-2/tmp outdir=output SINGULARITY_TMPDIR=/tmp SINGULARITY_CACHEDIR=/vast/scratch/users/$USER/.scache && mkdir -p ${NXF_WORK} ${NXF_TEMP} ${SINGULARITY_TMPDIR} ${outdir} ${SINGULARITY_CACHEDIR} && nextflow run -process.executor=local nf-core/methylseq -r 2.4.0 -profile test,singularity --outdir $outdir"
regular,nf-methylseq-il-3,1,4,10,gpu:0,8,360,Broadwell,"module load nextflow && export NXF_OPTS='-XX:-UsePerfData -Xms500M -Xmx4G' NXF_WORK=work NXF_TEMP=/tmp/nf-methylseq-il-3/tmp outdir=output SINGULARITY_TMPDIR=/tmp SINGULARITY_CACHEDIR=/vast/scratch/users/$USER/.scache && mkdir -p ${NXF_WORK} ${NXF_TEMP} ${SINGULARITY_TMPDIR} ${outdir} ${SINGULARITY_CACHEDIR} && nextflow run -process.executor=local nf-core/methylseq -r 2.4.0 -profile test,singularity --outdir $outdir"
regular,nf-methylseq-il-4,1,4,10,gpu:0,8,360,Broadwell,"module load nextflow && export NXF_OPTS='-XX:-UsePerfData -Xms500M -Xmx4G' NXF_WORK=work NXF_TEMP=/tmp/nf-methylseq-il-4/tmp outdir=output SINGULARITY_TMPDIR=/tmp SINGULARITY_CACHEDIR=/vast/scratch/users/$USER/.scache && mkdir -p ${NXF_WORK} ${NXF_TEMP} ${SINGULARITY_TMPDIR} ${outdir} ${SINGULARITY_CACHEDIR} && nextflow run -process.executor=local nf-core/methylseq -r 2.4.0 -profile test,singularity --outdir $outdir"
regular,nf-methylseq-il-5,1,4,10,gpu:0,8,360,Broadwell,"module load nextflow && export NXF_OPTS='-XX:-UsePerfData -Xms500M -Xmx4G' NXF_WORK=work NXF_TEMP=/tmp/nf-methylseq-il-5/tmp outdir=output SINGULARITY_TMPDIR=/tmp SINGULARITY_CACHEDIR=/vast/scratch/users/$USER/.scache && mkdir -p ${NXF_WORK} ${NXF_TEMP} ${SINGULARITY_TMPDIR} ${outdir} ${SINGULARITY_CACHEDIR} && nextflow run -process.executor=local nf-core/methylseq -r 2.4.0 -profile test,singularity --outdir $outdir"
regular,nf-nanoseq-il-1,1,4,10,gpu:0,8,360,Broadwell,"module load nextflow && export NXF_OPTS='-XX:-UsePerfData -Xms500M -Xmx4G' NXF_WORK=work NXF_TEMP=/tmp/nf-nanoseq-il-1/tmp outdir=output SINGULARITY_TMPDIR=/tmp SINGULARITY_CACHEDIR=/vast/scratch/users/$USER/.scache && mkdir -p ${NXF_WORK} ${NXF_TEMP} ${SINGULARITY_TMPDIR} ${outdir} ${SINGULARITY_CACHEDIR} && nextflow run -process.executor=local nf-core/nanoseq -r 3.1.0 -profile test,singularity --outdir $outdir"
regular,nf-nanoseq-il-2,1,4,10,gpu:0,8,360,Broadwell,"module load nextflow && export NXF_OPTS='-XX:-UsePerfData -Xms500M -Xmx4G' NXF_WORK=work NXF_TEMP=/tmp/nf-nanoseq-il-2/tmp outdir=output SINGULARITY_TMPDIR=/tmp SINGULARITY_CACHEDIR=/vast/scratch/users/$USER/.scache && mkdir -p ${NXF_WORK} ${NXF_TEMP} ${SINGULARITY_TMPDIR} ${outdir} ${SINGULARITY_CACHEDIR} && nextflow run -process.executor=local nf-core/nanoseq -r 3.1.0 -profile test,singularity --outdir $outdir"
regular,nf-nanoseq-il-3,1,4,10,gpu:0,8,360,Broadwell,"module load nextflow && export NXF_OPTS='-XX:-UsePerfData -Xms500M -Xmx4G' NXF_WORK=work NXF_TEMP=/tmp/nf-nanoseq-il-3/tmp outdir=output SINGULARITY_TMPDIR=/tmp SINGULARITY_CACHEDIR=/vast/scratch/users/$USER/.scache && mkdir -p ${NXF_WORK} ${NXF_TEMP} ${SINGULARITY_TMPDIR} ${outdir} ${SINGULARITY_CACHEDIR} && nextflow run -process.executor=local nf-core/nanoseq -r 3.1.0 -profile test,singularity --outdir $outdir"
regular,nf-nanoseq-il-4,1,4,10,gpu:0,8,360,Broadwell,"module load nextflow && export NXF_OPTS='-XX:-UsePerfData -Xms500M -Xmx4G' NXF_WORK=work NXF_TEMP=/tmp/nf-nanoseq-il-4/tmp outdir=output SINGULARITY_TMPDIR=/tmp SINGULARITY_CACHEDIR=/vast/scratch/users/$USER/.scache && mkdir -p ${NXF_WORK} ${NXF_TEMP} ${SINGULARITY_TMPDIR} ${outdir} ${SINGULARITY_CACHEDIR} && nextflow run -process.executor=local nf-core/nanoseq -r 3.1.0 -profile test,singularity --outdir $outdir"
regular,nf-nanoseq-il-5,1,4,10,gpu:0,8,360,Broadwell,"module load nextflow && export NXF_OPTS='-XX:-UsePerfData -Xms500M -Xmx4G' NXF_WORK=work NXF_TEMP=/tmp/nf-nanoseq-il-5/tmp outdir=output SINGULARITY_TMPDIR=/tmp SINGULARITY_CACHEDIR=/vast/scratch/users/$USER/.scache && mkdir -p ${NXF_WORK} ${NXF_TEMP} ${SINGULARITY_TMPDIR} ${outdir} ${SINGULARITY_CACHEDIR} && nextflow run -process.executor=local nf-core/nanoseq -r 3.1.0 -profile test,singularity --outdir $outdir"
regular,nf-viralrecon-il-1,1,4,10,gpu:0,8,360,Broadwell,"module load nextflow && export NXF_OPTS='-XX:-UsePerfData -Xms500M -Xmx4G' NXF_WORK=work NXF_TEMP=/tmp/nf-viralrecon-il-1/tmp outdir=output SINGULARITY_TMPDIR=/tmp SINGULARITY_CACHEDIR=/vast/scratch/users/$USER/.scache && mkdir -p ${NXF_WORK} ${NXF_TEMP} ${SINGULARITY_TMPDIR} ${outdir} ${SINGULARITY_CACHEDIR} && nextflow run -process.executor=local nf-core/viralrecon -r 2.6.0 -profile test,singularity --outdir $outdir"
regular,nf-viralrecon-il-2,1,4,10,gpu:0,8,360,Broadwell,"module load nextflow && export NXF_OPTS='-XX:-UsePerfData -Xms500M -Xmx4G' NXF_WORK=work NXF_TEMP=/tmp/nf-viralrecon-il-2/tmp outdir=output SINGULARITY_TMPDIR=/tmp SINGULARITY_CACHEDIR=/vast/scratch/users/$USER/.scache && mkdir -p ${NXF_WORK} ${NXF_TEMP} ${SINGULARITY_TMPDIR} ${outdir} ${SINGULARITY_CACHEDIR} && nextflow run -process.executor=local nf-core/viralrecon -r 2.6.0 -profile test,singularity --outdir $outdir"
regular,nf-viralrecon-il-3,1,4,10,gpu:0,8,360,Broadwell,"module load nextflow && export NXF_OPTS='-XX:-UsePerfData -Xms500M -Xmx4G' NXF_WORK=work NXF_TEMP=/tmp/nf-viralrecon-il-3/tmp outdir=output SINGULARITY_TMPDIR=/tmp SINGULARITY_CACHEDIR=/vast/scratch/users/$USER/.scache && mkdir -p ${NXF_WORK} ${NXF_TEMP} ${SINGULARITY_TMPDIR} ${outdir} ${SINGULARITY_CACHEDIR} && nextflow run -process.executor=local nf-core/viralrecon -r 2.6.0 -profile test,singularity --outdir $outdir"
regular,nf-viralrecon-il-4,1,4,10,gpu:0,8,360,Broadwell,"module load nextflow && export NXF_OPTS='-XX:-UsePerfData -Xms500M -Xmx4G' NXF_WORK=work NXF_TEMP=/tmp/nf-viralrecon-il-4/tmp outdir=output SINGULARITY_TMPDIR=/tmp SINGULARITY_CACHEDIR=/vast/scratch/users/$USER/.scache && mkdir -p ${NXF_WORK} ${NXF_TEMP} ${SINGULARITY_TMPDIR} ${outdir} ${SINGULARITY_CACHEDIR} && nextflow run -process.executor=local nf-core/viralrecon -r 2.6.0 -profile test,singularity --outdir $outdir"
regular,nf-viralrecon-il-5,1,4,10,gpu:0,8,360,Broadwell,"module load nextflow && export NXF_OPTS='-XX:-UsePerfData -Xms500M -Xmx4G' NXF_WORK=work NXF_TEMP=/tmp/nf-viralrecon-il-5/tmp outdir=output SINGULARITY_TMPDIR=/tmp SINGULARITY_CACHEDIR=/vast/scratch/users/$USER/.scache && mkdir -p ${NXF_WORK} ${NXF_TEMP} ${SINGULARITY_TMPDIR} ${outdir} ${SINGULARITY_CACHEDIR} && nextflow run -process.executor=local nf-core/viralrecon -r 2.6.0 -profile test,singularity --outdir $outdir"
regular,nf-sarek-il-1,1,4,10,gpu:0,8,360,Broadwell,"module load nextflow && export NXF_OPTS='-XX:-UsePerfData -Xms500M -Xmx4G' NXF_WORK=work NXF_TEMP=/tmp/nf-sarek-il-1/tmp outdir=output SINGULARITY_TMPDIR=/tmp SINGULARITY_CACHEDIR=/vast/scratch/users/$USER/.scache && mkdir -p ${NXF_WORK} ${NXF_TEMP} ${SINGULARITY_TMPDIR} ${outdir} ${SINGULARITY_CACHEDIR} && nextflow run -process.executor=local nf-core/sarek -r 3.2.0 -profile test,singularity --outdir $outdir"
regular,nf-sarek-il-2,1,4,10,gpu:0,8,360,Broadwell,"module load nextflow && export NXF_OPTS='-XX:-UsePerfData -Xms500M -Xmx4G' NXF_WORK=work NXF_TEMP=/tmp/nf-sarek-il-2/tmp outdir=output SINGULARITY_TMPDIR=/tmp SINGULARITY_CACHEDIR=/vast/scratch/users/$USER/.scache && mkdir -p ${NXF_WORK} ${NXF_TEMP} ${SINGULARITY_TMPDIR} ${outdir} ${SINGULARITY_CACHEDIR} && nextflow run -process.executor=local nf-core/sarek -r 3.2.0 -profile test,singularity --outdir $outdir"
regular,nf-sarek-il-3,1,4,10,gpu:0,8,360,Broadwell,"module load nextflow && export NXF_OPTS='-XX:-UsePerfData -Xms500M -Xmx4G' NXF_WORK=work NXF_TEMP=/tmp/nf-sarek-il-3/tmp outdir=output SINGULARITY_TMPDIR=/tmp SINGULARITY_CACHEDIR=/vast/scratch/users/$USER/.scache && mkdir -p ${NXF_WORK} ${NXF_TEMP} ${SINGULARITY_TMPDIR} ${outdir} ${SINGULARITY_CACHEDIR} && nextflow run -process.executor=local nf-core/sarek -r 3.2.0 -profile test,singularity --outdir $outdir"
regular,nf-sarek-il-4,1,4,10,gpu:0,8,360,Broadwell,"module load nextflow && export NXF_OPTS='-XX:-UsePerfData -Xms500M -Xmx4G' NXF_WORK=work NXF_TEMP=/tmp/nf-sarek-il-4/tmp outdir=output SINGULARITY_TMPDIR=/tmp SINGULARITY_CACHEDIR=/vast/scratch/users/$USER/.scache && mkdir -p ${NXF_WORK} ${NXF_TEMP} ${SINGULARITY_TMPDIR} ${outdir} ${SINGULARITY_CACHEDIR} && nextflow run -process.executor=local nf-core/sarek -r 3.2.0 -profile test,singularity --outdir $outdir"
regular,nf-sarek-il-5,1,4,10,gpu:0,8,360,Broadwell,"module load nextflow && export NXF_OPTS='-XX:-UsePerfData -Xms500M -Xmx4G' NXF_WORK=work NXF_TEMP=/tmp/nf-sarek-il-5/tmp outdir=output SINGULARITY_TMPDIR=/tmp SINGULARITY_CACHEDIR=/vast/scratch/users/$USER/.scache && mkdir -p ${NXF_WORK} ${NXF_TEMP} ${SINGULARITY_TMPDIR} ${outdir} ${SINGULARITY_CACHEDIR} && nextflow run -process.executor=local nf-core/sarek -r 3.2.0 -profile test,singularity --outdir $outdir"
regular,nf-rnaseq-il-1,1,4,10,gpu:0,8,360,Broadwell,"module load nextflow && export NXF_OPTS='-XX:-UsePerfData -Xms500M -Xmx4G' NXF_WORK=work NXF_TEMP=/tmp/nf-rnaseq-il-1/tmp outdir=output SINGULARITY_TMPDIR=/tmp SINGULARITY_CACHEDIR=/vast/scratch/users/$USER/.scache && mkdir -p ${NXF_WORK} ${NXF_TEMP} ${SINGULARITY_TMPDIR} ${outdir} ${SINGULARITY_CACHEDIR} && nextflow run -process.executor=local nf-core/rnaseq -r 3.11.2 -profile test,singularity --outdir $outdir"
regular,nf-rnaseq-il-2,1,4,10,gpu:0,8,360,Broadwell,"module load nextflow && export NXF_OPTS='-XX:-UsePerfData -Xms500M -Xmx4G' NXF_WORK=work NXF_TEMP=/tmp/nf-rnaseq-il-2/tmp outdir=output SINGULARITY_TMPDIR=/tmp SINGULARITY_CACHEDIR=/vast/scratch/users/$USER/.scache && mkdir -p ${NXF_WORK} ${NXF_TEMP} ${SINGULARITY_TMPDIR} ${outdir} ${SINGULARITY_CACHEDIR} && nextflow run -process.executor=local nf-core/rnaseq -r 3.11.2 -profile test,singularity --outdir $outdir"
regular,nf-rnaseq-il-3,1,4,10,gpu:0,8,360,Broadwell,"module load nextflow && export NXF_OPTS='-XX:-UsePerfData -Xms500M -Xmx4G' NXF_WORK=work NXF_TEMP=/tmp/nf-rnaseq-il-3/tmp outdir=output SINGULARITY_TMPDIR=/tmp SINGULARITY_CACHEDIR=/vast/scratch/users/$USER/.scache && mkdir -p ${NXF_WORK} ${NXF_TEMP} ${SINGULARITY_TMPDIR} ${outdir} ${SINGULARITY_CACHEDIR} && nextflow run -process.executor=local nf-core/rnaseq -r 3.11.2 -profile test,singularity --outdir $outdir"
regular,nf-rnaseq-il-4,1,4,10,gpu:0,8,360,Broadwell,"module load nextflow && export NXF_OPTS='-XX:-UsePerfData -Xms500M -Xmx4G' NXF_WORK=work NXF_TEMP=/tmp/nf-rnaseq-il-4/tmp outdir=output SINGULARITY_TMPDIR=/tmp SINGULARITY_CACHEDIR=/vast/scratch/users/$USER/.scache && mkdir -p ${NXF_WORK} ${NXF_TEMP} ${SINGULARITY_TMPDIR} ${outdir} ${SINGULARITY_CACHEDIR} && nextflow run -process.executor=local nf-core/rnaseq -r 3.11.2 -profile test,singularity --outdir $outdir"
regular,nf-rnaseq-il-5,1,4,10,gpu:0,8,360,Broadwell,"module load nextflow && export NXF_OPTS='-XX:-UsePerfData -Xms500M -Xmx4G' NXF_WORK=work NXF_TEMP=/tmp/nf-rnaseq-il-5/tmp outdir=output SINGULARITY_TMPDIR=/tmp SINGULARITY_CACHEDIR=/vast/scratch/users/$USER/.scache && mkdir -p ${NXF_WORK} ${NXF_TEMP} ${SINGULARITY_TMPDIR} ${outdir} ${SINGULARITY_CACHEDIR} && nextflow run -process.executor=local nf-core/rnaseq -r 3.11.2 -profile test,singularity --outdir $outdir"
regular,nf-chipseq-il-1,1,4,10,gpu:0,8,360,Broadwell,"module load nextflow && export NXF_OPTS='-XX:-UsePerfData -Xms500M -Xmx4G' NXF_WORK=work NXF_TEMP=/tmp/nf-chipseq-il-1/tmp outdir=output SINGULARITY_TMPDIR=/tmp SINGULARITY_CACHEDIR=/vast/scratch/users/$USER/.scache && mkdir -p ${NXF_WORK} ${NXF_TEMP} ${SINGULARITY_TMPDIR} ${outdir} ${SINGULARITY_CACHEDIR} && nextflow run -process.executor=local nf-core/chipseq -r 2.0.0 -profile test,singularity --outdir $outdir"
regular,nf-chipseq-il-2,1,4,10,gpu:0,8,360,Broadwell,"module load nextflow && export NXF_OPTS='-XX:-UsePerfData -Xms500M -Xmx4G' NXF_WORK=work NXF_TEMP=/tmp/nf-chipseq-il-2/tmp outdir=output SINGULARITY_TMPDIR=/tmp SINGULARITY_CACHEDIR=/vast/scratch/users/$USER/.scache && mkdir -p ${NXF_WORK} ${NXF_TEMP} ${SINGULARITY_TMPDIR} ${outdir} ${SINGULARITY_CACHEDIR} && nextflow run -process.executor=local nf-core/chipseq -r 2.0.0 -profile test,singularity --outdir $outdir"
regular,nf-chipseq-il-3,1,4,10,gpu:0,8,360,Broadwell,"module load nextflow && export NXF_OPTS='-XX:-UsePerfData -Xms500M -Xmx4G' NXF_WORK=work NXF_TEMP=/tmp/nf-chipseq-il-3/tmp outdir=output SINGULARITY_TMPDIR=/tmp SINGULARITY_CACHEDIR=/vast/scratch/users/$USER/.scache && mkdir -p ${NXF_WORK} ${NXF_TEMP} ${SINGULARITY_TMPDIR} ${outdir} ${SINGULARITY_CACHEDIR} && nextflow run -process.executor=local nf-core/chipseq -r 2.0.0 -profile test,singularity --outdir $outdir"
regular,nf-chipseq-il-4,1,4,10,gpu:0,8,360,Broadwell,"module load nextflow && export NXF_OPTS='-XX:-UsePerfData -Xms500M -Xmx4G' NXF_WORK=work NXF_TEMP=/tmp/nf-chipseq-il-4/tmp outdir=output SINGULARITY_TMPDIR=/tmp SINGULARITY_CACHEDIR=/vast/scratch/users/$USER/.scache && mkdir -p ${NXF_WORK} ${NXF_TEMP} ${SINGULARITY_TMPDIR} ${outdir} ${SINGULARITY_CACHEDIR} && nextflow run -process.executor=local nf-core/chipseq -r 2.0.0 -profile test,singularity --outdir $outdir"
regular,nf-chipseq-il-5,1,4,10,gpu:0,8,360,Broadwell,"module load nextflow && export NXF_OPTS='-XX:-UsePerfData -Xms500M -Xmx4G' NXF_WORK=work NXF_TEMP=/tmp/nf-chipseq-il-5/tmp outdir=output SINGULARITY_TMPDIR=/tmp SINGULARITY_CACHEDIR=/vast/scratch/users/$USER/.scache && mkdir -p ${NXF_WORK} ${NXF_TEMP} ${SINGULARITY_TMPDIR} ${outdir} ${SINGULARITY_CACHEDIR} && nextflow run -process.executor=local nf-core/chipseq -r 2.0.0 -profile test,singularity --outdir $outdir"
regular,nf-atacseq-il-1,1,4,10,gpu:0,8,360,Broadwell,"module load nextflow && export NXF_OPTS='-XX:-UsePerfData -Xms500M -Xmx4G' NXF_WORK=work NXF_TEMP=/tmp/nf-atacseq-il-1/tmp outdir=output SINGULARITY_TMPDIR=/tmp SINGULARITY_CACHEDIR=/vast/scratch/users/$USER/.scache && mkdir -p ${NXF_WORK} ${NXF_TEMP} ${SINGULARITY_TMPDIR} ${outdir} ${SINGULARITY_CACHEDIR} && nextflow run -process.executor=local nf-core/atacseq -profile test,singularity --outdir $outdir"
regular,nf-atacseq-il-2,1,4,10,gpu:0,8,360,Broadwell,"module load nextflow && export NXF_OPTS='-XX:-UsePerfData -Xms500M -Xmx4G' NXF_WORK=work NXF_TEMP=/tmp/nf-atacseq-il-2/tmp outdir=output SINGULARITY_TMPDIR=/tmp SINGULARITY_CACHEDIR=/vast/scratch/users/$USER/.scache && mkdir -p ${NXF_WORK} ${NXF_TEMP} ${SINGULARITY_TMPDIR} ${outdir} ${SINGULARITY_CACHEDIR} && nextflow run -process.executor=local nf-core/atacseq -profile test,singularity --outdir $outdir"
regular,nf-atacseq-il-3,1,4,10,gpu:0,8,360,Broadwell,"module load nextflow && export NXF_OPTS='-XX:-UsePerfData -Xms500M -Xmx4G' NXF_WORK=work NXF_TEMP=/tmp/nf-atacseq-il-3/tmp outdir=output SINGULARITY_TMPDIR=/tmp SINGULARITY_CACHEDIR=/vast/scratch/users/$USER/.scache && mkdir -p ${NXF_WORK} ${NXF_TEMP} ${SINGULARITY_TMPDIR} ${outdir} ${SINGULARITY_CACHEDIR} && nextflow run -process.executor=local nf-core/atacseq -profile test,singularity --outdir $outdir"
regular,nf-atacseq-il-4,1,4,10,gpu:0,8,360,Broadwell,"module load nextflow && export NXF_OPTS='-XX:-UsePerfData -Xms500M -Xmx4G' NXF_WORK=work NXF_TEMP=/tmp/nf-atacseq-il-4/tmp outdir=output SINGULARITY_TMPDIR=/tmp SINGULARITY_CACHEDIR=/vast/scratch/users/$USER/.scache && mkdir -p ${NXF_WORK} ${NXF_TEMP} ${SINGULARITY_TMPDIR} ${outdir} ${SINGULARITY_CACHEDIR} && nextflow run -process.executor=local nf-core/atacseq -profile test,singularity --outdir $outdir"
regular,nf-atacseq-il-5,1,4,10,gpu:0,8,360,Broadwell,"module load nextflow && export NXF_OPTS='-XX:-UsePerfData -Xms500M -Xmx4G' NXF_WORK=work NXF_TEMP=/tmp/nf-atacseq-il-5/tmp outdir=output SINGULARITY_TMPDIR=/tmp SINGULARITY_CACHEDIR=/vast/scratch/users/$USER/.scache && mkdir -p ${NXF_WORK} ${NXF_TEMP} ${SINGULARITY_TMPDIR} ${outdir} ${SINGULARITY_CACHEDIR} && nextflow run -process.executor=local nf-core/atacseq -profile test,singularity --outdir $outdir"
regular,nf-mag-il-1,1,4,10,gpu:0,8,360,Broadwell,"module load nextflow && export NXF_OPTS='-XX:-UsePerfData -Xms500M -Xmx4G' NXF_WORK=work NXF_TEMP=/tmp/nf-mag-il-1/tmp outdir=output SINGULARITY_TMPDIR=/tmp/nf-mag-il-1/stmp SINGULARITY_CACHEDIR=/vast/scratch/users/$USER/.scache && mkdir -p ${NXF_WORK} ${NXF_TEMP} ${SINGULARITY_TMPDIR} ${outdir} ${SINGULARITY_CACHEDIR} && nextflow run -process.executor=local nf-core/mag -r 2.3.0 -profile test,singularity --outdir $outdir"
regular,nf-mag-il-2,1,4,10,gpu:0,8,360,Broadwell,"module load nextflow && export NXF_OPTS='-XX:-UsePerfData -Xms500M -Xmx4G' NXF_WORK=work NXF_TEMP=/tmp/nf-mag-il-2/tmp outdir=output SINGULARITY_TMPDIR=/tmp/nf-mag-il-2/stmp SINGULARITY_CACHEDIR=/vast/scratch/users/$USER/.scache && mkdir -p ${NXF_WORK} ${NXF_TEMP} ${SINGULARITY_TMPDIR} ${outdir} ${SINGULARITY_CACHEDIR} && nextflow run -process.executor=local nf-core/mag -r 2.3.0 -profile test,singularity --outdir $outdir"
regular,nf-mag-il-3,1,4,10,gpu:0,8,360,Broadwell,"module load nextflow && export NXF_OPTS='-XX:-UsePerfData -Xms500M -Xmx4G' NXF_WORK=work NXF_TEMP=/tmp/nf-mag-il-3/tmp outdir=output SINGULARITY_TMPDIR=/tmp/nf-mag-il-3/stmp SINGULARITY_CACHEDIR=/vast/scratch/users/$USER/.scache && mkdir -p ${NXF_WORK} ${NXF_TEMP} ${SINGULARITY_TMPDIR} ${outdir} ${SINGULARITY_CACHEDIR} && nextflow run -process.executor=local nf-core/mag -r 2.3.0 -profile test,singularity --outdir $outdir"
regular,nf-mag-il-4,1,4,10,gpu:0,8,360,Broadwell,"module load nextflow && export NXF_OPTS='-XX:-UsePerfData -Xms500M -Xmx4G' NXF_WORK=work NXF_TEMP=/tmp/nf-mag-il-4/tmp outdir=output SINGULARITY_TMPDIR=/tmp/nf-mag-il-4/stmp SINGULARITY_CACHEDIR=/vast/scratch/users/$USER/.scache && mkdir -p ${NXF_WORK} ${NXF_TEMP} ${SINGULARITY_TMPDIR} ${outdir} ${SINGULARITY_CACHEDIR} && nextflow run -process.executor=local nf-core/mag -r 2.3.0 -profile test,singularity --outdir $outdir"
regular,nf-mag-il-5,1,4,10,gpu:0,8,360,Broadwell,"module load nextflow && export NXF_OPTS='-XX:-UsePerfData -Xms500M -Xmx4G' NXF_WORK=work NXF_TEMP=/tmp/nf-mag-il-5/tmp outdir=output SINGULARITY_TMPDIR=/tmp/nf-mag-il-5/stmp SINGULARITY_CACHEDIR=/vast/scratch/users/$USER/.scache && mkdir -p ${NXF_WORK} ${NXF_TEMP} ${SINGULARITY_TMPDIR} ${outdir} ${SINGULARITY_CACHEDIR} && nextflow run -process.executor=local nf-core/mag -r 2.3.0 -profile test,singularity --outdir $outdir"
regular,nf-ampliseq-il-1,1,4,10,gpu:0,8,360,Broadwell,"module load nextflow && export NXF_OPTS='-XX:-UsePerfData -Xms500M -Xmx4G' NXF_WORK=work NXF_TEMP=/tmp/nf-ampliseq-il-1/tmp outdir=output SINGULARITY_TMPDIR=/tmp/nf-ampliseq-il-1/stmp SINGULARITY_CACHEDIR=/vast/scratch/users/$USER/.scache && mkdir -p ${NXF_WORK} ${NXF_TEMP} ${SINGULARITY_TMPDIR} ${outdir} ${SINGULARITY_CACHEDIR} && nextflow run -process.executor=local nf-core/ampliseq -r 2.6.0 -profile test,singularity --outdir $outdir"
regular,nf-ampliseq-il-2,1,4,10,gpu:0,8,360,Broadwell,"module load nextflow && export NXF_OPTS='-XX:-UsePerfData -Xms500M -Xmx4G' NXF_WORK=work NXF_TEMP=/tmp/nf-ampliseq-il-2/tmp outdir=output SINGULARITY_TMPDIR=/tmp/nf-ampliseq-il-2/stmp SINGULARITY_CACHEDIR=/vast/scratch/users/$USER/.scache && mkdir -p ${NXF_WORK} ${NXF_TEMP} ${SINGULARITY_TMPDIR} ${outdir} ${SINGULARITY_CACHEDIR} && nextflow run -process.executor=local nf-core/ampliseq -r 2.6.0 -profile test,singularity --outdir $outdir"
regular,nf-ampliseq-il-3,1,4,10,gpu:0,8,360,Broadwell,"module load nextflow && export NXF_OPTS='-XX:-UsePerfData -Xms500M -Xmx4G' NXF_WORK=work NXF_TEMP=/tmp/nf-ampliseq-il-3/tmp outdir=output SINGULARITY_TMPDIR=/tmp/nf-ampliseq-il-3/stmp SINGULARITY_CACHEDIR=/vast/scratch/users/$USER/.scache && mkdir -p ${NXF_WORK} ${NXF_TEMP} ${SINGULARITY_TMPDIR} ${outdir} ${SINGULARITY_CACHEDIR} && nextflow run -process.executor=local nf-core/ampliseq -r 2.6.0 -profile test,singularity --outdir $outdir"
regular,nf-ampliseq-il-4,1,4,10,gpu:0,8,360,Broadwell,"module load nextflow && export NXF_OPTS='-XX:-UsePerfData -Xms500M -Xmx4G' NXF_WORK=work NXF_TEMP=/tmp/nf-ampliseq-il-4/tmp outdir=output SINGULARITY_TMPDIR=/tmp/nf-ampliseq-il-4/stmp SINGULARITY_CACHEDIR=/vast/scratch/users/$USER/.scache && mkdir -p ${NXF_WORK} ${NXF_TEMP} ${SINGULARITY_TMPDIR} ${outdir} ${SINGULARITY_CACHEDIR} && nextflow run -process.executor=local nf-core/ampliseq -r 2.6.0 -profile test,singularity --outdir $outdir"
regular,nf-ampliseq-il-5,1,4,10,gpu:0,8,360,Broadwell,"module load nextflow && export NXF_OPTS='-XX:-UsePerfData -Xms500M -Xmx4G' NXF_WORK=work NXF_TEMP=/tmp/nf-ampliseq-il-5/tmp outdir=output SINGULARITY_TMPDIR=/tmp/nf-ampliseq-il-5/stmp SINGULARITY_CACHEDIR=/vast/scratch/users/$USER/.scache && mkdir -p ${NXF_WORK} ${NXF_TEMP} ${SINGULARITY_TMPDIR} ${outdir} ${SINGULARITY_CACHEDIR} && nextflow run -process.executor=local nf-core/ampliseq -r 2.6.0 -profile test,singularity --outdir $outdir"
amd,nf-methylseq-em-1,1,4,10,gpu:0,8,360,Milan,"module load nextflow && export NXF_OPTS='-XX:-UsePerfData -Xms500M -Xmx4G' NXF_WORK=work NXF_TEMP=/tmp/nf-methylseq-em-1/tmp outdir=output SINGULARITY_TMPDIR=/tmp SINGULARITY_CACHEDIR=/vast/scratch/users/$USER/.scache && mkdir -p ${NXF_WORK} ${NXF_TEMP} ${SINGULARITY_TMPDIR} ${outdir} ${SINGULARITY_CACHEDIR} && nextflow run -process.executor=local nf-core/methylseq -r 2.4.0 -profile test,singularity --outdir $outdir"
amd,nf-methylseq-em-2,1,4,10,gpu:0,8,360,Milan,"module load nextflow && export NXF_OPTS='-XX:-UsePerfData -Xms500M -Xmx4G' NXF_WORK=work NXF_TEMP=/tmp/nf-methylseq-em-2/tmp outdir=output SINGULARITY_TMPDIR=/tmp SINGULARITY_CACHEDIR=/vast/scratch/users/$USER/.scache && mkdir -p ${NXF_WORK} ${NXF_TEMP} ${SINGULARITY_TMPDIR} ${outdir} ${SINGULARITY_CACHEDIR} && nextflow run -process.executor=local nf-core/methylseq -r 2.4.0 -profile test,singularity --outdir $outdir"
amd,nf-methylseq-em-3,1,4,10,gpu:0,8,360,Milan,"module load nextflow && export NXF_OPTS='-XX:-UsePerfData -Xms500M -Xmx4G' NXF_WORK=work NXF_TEMP=/tmp/nf-methylseq-em-3/tmp outdir=output SINGULARITY_TMPDIR=/tmp SINGULARITY_CACHEDIR=/vast/scratch/users/$USER/.scache && mkdir -p ${NXF_WORK} ${NXF_TEMP} ${SINGULARITY_TMPDIR} ${outdir} ${SINGULARITY_CACHEDIR} && nextflow run -process.executor=local nf-core/methylseq -r 2.4.0 -profile test,singularity --outdir $outdir"
amd,nf-methylseq-em-4,1,4,10,gpu:0,8,360,Milan,"module load nextflow && export NXF_OPTS='-XX:-UsePerfData -Xms500M -Xmx4G' NXF_WORK=work NXF_TEMP=/tmp/nf-methylseq-em-4/tmp outdir=output SINGULARITY_TMPDIR=/tmp SINGULARITY_CACHEDIR=/vast/scratch/users/$USER/.scache && mkdir -p ${NXF_WORK} ${NXF_TEMP} ${SINGULARITY_TMPDIR} ${outdir} ${SINGULARITY_CACHEDIR} && nextflow run -process.executor=local nf-core/methylseq -r 2.4.0 -profile test,singularity --outdir $outdir"
amd,nf-methylseq-em-5,1,4,10,gpu:0,8,360,Milan,"module load nextflow && export NXF_OPTS='-XX:-UsePerfData -Xms500M -Xmx4G' NXF_WORK=work NXF_TEMP=/tmp/nf-methylseq-em-5/tmp outdir=output SINGULARITY_TMPDIR=/tmp SINGULARITY_CACHEDIR=/vast/scratch/users/$USER/.scache && mkdir -p ${NXF_WORK} ${NXF_TEMP} ${SINGULARITY_TMPDIR} ${outdir} ${SINGULARITY_CACHEDIR} && nextflow run -process.executor=local nf-core/methylseq -r 2.4.0 -profile test,singularity --outdir $outdir"
amd,nf-nanoseq-em-1,1,4,10,gpu:0,8,360,Milan,"module load nextflow && export NXF_OPTS='-XX:-UsePerfData -Xms500M -Xmx4G' NXF_WORK=work NXF_TEMP=/tmp/nf-nanoseq-em-1/tmp outdir=output SINGULARITY_TMPDIR=/tmp SINGULARITY_CACHEDIR=/vast/scratch/users/$USER/.scache && mkdir -p ${NXF_WORK} ${NXF_TEMP} ${SINGULARITY_TMPDIR} ${outdir} ${SINGULARITY_CACHEDIR} && nextflow run -process.executor=local nf-core/nanoseq -r 3.1.0 -profile test,singularity --outdir $outdir"
amd,nf-nanoseq-em-2,1,4,10,gpu:0,8,360,Milan,"module load nextflow && export NXF_OPTS='-XX:-UsePerfData -Xms500M -Xmx4G' NXF_WORK=work NXF_TEMP=/tmp/nf-nanoseq-em-2/tmp outdir=output SINGULARITY_TMPDIR=/tmp SINGULARITY_CACHEDIR=/vast/scratch/users/$USER/.scache && mkdir -p ${NXF_WORK} ${NXF_TEMP} ${SINGULARITY_TMPDIR} ${outdir} ${SINGULARITY_CACHEDIR} && nextflow run -process.executor=local nf-core/nanoseq -r 3.1.0 -profile test,singularity --outdir $outdir"
amd,nf-nanoseq-em-3,1,4,10,gpu:0,8,360,Milan,"module load nextflow && export NXF_OPTS='-XX:-UsePerfData -Xms500M -Xmx4G' NXF_WORK=work NXF_TEMP=/tmp/nf-nanoseq-em-3/tmp outdir=output SINGULARITY_TMPDIR=/tmp SINGULARITY_CACHEDIR=/vast/scratch/users/$USER/.scache && mkdir -p ${NXF_WORK} ${NXF_TEMP} ${SINGULARITY_TMPDIR} ${outdir} ${SINGULARITY_CACHEDIR} && nextflow run -process.executor=local nf-core/nanoseq -r 3.1.0 -profile test,singularity --outdir $outdir"
amd,nf-nanoseq-em-4,1,4,10,gpu:0,8,360,Milan,"module load nextflow && export NXF_OPTS='-XX:-UsePerfData -Xms500M -Xmx4G' NXF_WORK=work NXF_TEMP=/tmp/nf-nanoseq-em-4/tmp outdir=output SINGULARITY_TMPDIR=/tmp SINGULARITY_CACHEDIR=/vast/scratch/users/$USER/.scache && mkdir -p ${NXF_WORK} ${NXF_TEMP} ${SINGULARITY_TMPDIR} ${outdir} ${SINGULARITY_CACHEDIR} && nextflow run -process.executor=local nf-core/nanoseq -r 3.1.0 -profile test,singularity --outdir $outdir"
amd,nf-nanoseq-em-5,1,4,10,gpu:0,8,360,Milan,"module load nextflow && export NXF_OPTS='-XX:-UsePerfData -Xms500M -Xmx4G' NXF_WORK=work NXF_TEMP=/tmp/nf-nanoseq-em-5/tmp outdir=output SINGULARITY_TMPDIR=/tmp SINGULARITY_CACHEDIR=/vast/scratch/users/$USER/.scache && mkdir -p ${NXF_WORK} ${NXF_TEMP} ${SINGULARITY_TMPDIR} ${outdir} ${SINGULARITY_CACHEDIR} && nextflow run -process.executor=local nf-core/nanoseq -r 3.1.0 -profile test,singularity --outdir $outdir"
amd,nf-viralrecon-em-1,1,4,10,gpu:0,8,360,Milan,"module load nextflow && export NXF_OPTS='-XX:-UsePerfData -Xms500M -Xmx4G' NXF_WORK=work NXF_TEMP=/tmp/nf-viralrecon-em-1/tmp outdir=output SINGULARITY_TMPDIR=/tmp SINGULARITY_CACHEDIR=/vast/scratch/users/$USER/.scache && mkdir -p ${NXF_WORK} ${NXF_TEMP} ${SINGULARITY_TMPDIR} ${outdir} ${SINGULARITY_CACHEDIR} && nextflow run -process.executor=local nf-core/viralrecon -r 2.6.0 -profile test,singularity --outdir $outdir"
amd,nf-viralrecon-em-2,1,4,10,gpu:0,8,360,Milan,"module load nextflow && export NXF_OPTS='-XX:-UsePerfData -Xms500M -Xmx4G' NXF_WORK=work NXF_TEMP=/tmp/nf-viralrecon-em-2/tmp outdir=output SINGULARITY_TMPDIR=/tmp SINGULARITY_CACHEDIR=/vast/scratch/users/$USER/.scache && mkdir -p ${NXF_WORK} ${NXF_TEMP} ${SINGULARITY_TMPDIR} ${outdir} ${SINGULARITY_CACHEDIR} && nextflow run -process.executor=local nf-core/viralrecon -r 2.6.0 -profile test,singularity --outdir $outdir"
amd,nf-viralrecon-em-3,1,4,10,gpu:0,8,360,Milan,"module load nextflow && export NXF_OPTS='-XX:-UsePerfData -Xms500M -Xmx4G' NXF_WORK=work NXF_TEMP=/tmp/nf-viralrecon-em-3/tmp outdir=output SINGULARITY_TMPDIR=/tmp SINGULARITY_CACHEDIR=/vast/scratch/users/$USER/.scache && mkdir -p ${NXF_WORK} ${NXF_TEMP} ${SINGULARITY_TMPDIR} ${outdir} ${SINGULARITY_CACHEDIR} && nextflow run -process.executor=local nf-core/viralrecon -r 2.6.0 -profile test,singularity --outdir $outdir"
amd,nf-viralrecon-em-4,1,4,10,gpu:0,8,360,Milan,"module load nextflow && export NXF_OPTS='-XX:-UsePerfData -Xms500M -Xmx4G' NXF_WORK=work NXF_TEMP=/tmp/nf-viralrecon-em-4/tmp outdir=output SINGULARITY_TMPDIR=/tmp SINGULARITY_CACHEDIR=/vast/scratch/users/$USER/.scache && mkdir -p ${NXF_WORK} ${NXF_TEMP} ${SINGULARITY_TMPDIR} ${outdir} ${SINGULARITY_CACHEDIR} && nextflow run -process.executor=local nf-core/viralrecon -r 2.6.0 -profile test,singularity --outdir $outdir"
amd,nf-viralrecon-em-5,1,4,10,gpu:0,8,360,Milan,"module load nextflow && export NXF_OPTS='-XX:-UsePerfData -Xms500M -Xmx4G' NXF_WORK=work NXF_TEMP=/tmp/nf-viralrecon-em-5/tmp outdir=output SINGULARITY_TMPDIR=/tmp SINGULARITY_CACHEDIR=/vast/scratch/users/$USER/.scache && mkdir -p ${NXF_WORK} ${NXF_TEMP} ${SINGULARITY_TMPDIR} ${outdir} ${SINGULARITY_CACHEDIR} && nextflow run -process.executor=local nf-core/viralrecon -r 2.6.0 -profile test,singularity --outdir $outdir"
amd,nf-sarek-em-1,1,4,10,gpu:0,8,360,Milan,"module load nextflow && export NXF_OPTS='-XX:-UsePerfData -Xms500M -Xmx4G' NXF_WORK=work NXF_TEMP=/tmp/nf-sarek-em-1/tmp outdir=output SINGULARITY_TMPDIR=/tmp SINGULARITY_CACHEDIR=/vast/scratch/users/$USER/.scache && mkdir -p ${NXF_WORK} ${NXF_TEMP} ${SINGULARITY_TMPDIR} ${outdir} ${SINGULARITY_CACHEDIR} && nextflow run -process.executor=local nf-core/sarek -r 3.2.0 -profile test,singularity --outdir $outdir"
amd,nf-sarek-em-2,1,4,10,gpu:0,8,360,Milan,"module load nextflow && export NXF_OPTS='-XX:-UsePerfData -Xms500M -Xmx4G' NXF_WORK=work NXF_TEMP=/tmp/nf-sarek-em-2/tmp outdir=output SINGULARITY_TMPDIR=/tmp SINGULARITY_CACHEDIR=/vast/scratch/users/$USER/.scache && mkdir -p ${NXF_WORK} ${NXF_TEMP} ${SINGULARITY_TMPDIR} ${outdir} ${SINGULARITY_CACHEDIR} && nextflow run -process.executor=local nf-core/sarek -r 3.2.0 -profile test,singularity --outdir $outdir"
amd,nf-sarek-em-3,1,4,10,gpu:0,8,360,Milan,"module load nextflow && export NXF_OPTS='-XX:-UsePerfData -Xms500M -Xmx4G' NXF_WORK=work NXF_TEMP=/tmp/nf-sarek-em-3/tmp outdir=output SINGULARITY_TMPDIR=/tmp SINGULARITY_CACHEDIR=/vast/scratch/users/$USER/.scache && mkdir -p ${NXF_WORK} ${NXF_TEMP} ${SINGULARITY_TMPDIR} ${outdir} ${SINGULARITY_CACHEDIR} && nextflow run -process.executor=local nf-core/sarek -r 3.2.0 -profile test,singularity --outdir $outdir"
amd,nf-sarek-em-4,1,4,10,gpu:0,8,360,Milan,"module load nextflow && export NXF_OPTS='-XX:-UsePerfData -Xms500M -Xmx4G' NXF_WORK=work NXF_TEMP=/tmp/nf-sarek-em-4/tmp outdir=output SINGULARITY_TMPDIR=/tmp SINGULARITY_CACHEDIR=/vast/scratch/users/$USER/.scache && mkdir -p ${NXF_WORK} ${NXF_TEMP} ${SINGULARITY_TMPDIR} ${outdir} ${SINGULARITY_CACHEDIR} && nextflow run -process.executor=local nf-core/sarek -r 3.2.0 -profile test,singularity --outdir $outdir"
amd,nf-sarek-em-5,1,4,10,gpu:0,8,360,Milan,"module load nextflow && export NXF_OPTS='-XX:-UsePerfData -Xms500M -Xmx4G' NXF_WORK=work NXF_TEMP=/tmp/nf-sarek-em-5/tmp outdir=output SINGULARITY_TMPDIR=/tmp SINGULARITY_CACHEDIR=/vast/scratch/users/$USER/.scache && mkdir -p ${NXF_WORK} ${NXF_TEMP} ${SINGULARITY_TMPDIR} ${outdir} ${SINGULARITY_CACHEDIR} && nextflow run -process.executor=local nf-core/sarek -r 3.2.0 -profile test,singularity --outdir $outdir"
amd,nf-rnaseq-em-1,1,4,10,gpu:0,8,360,Milan,"module load nextflow && export NXF_OPTS='-XX:-UsePerfData -Xms500M -Xmx4G' NXF_WORK=work NXF_TEMP=/tmp/nf-rnaseq-em-1/tmp outdir=output SINGULARITY_TMPDIR=/tmp SINGULARITY_CACHEDIR=/vast/scratch/users/$USER/.scache && mkdir -p ${NXF_WORK} ${NXF_TEMP} ${SINGULARITY_TMPDIR} ${outdir} ${SINGULARITY_CACHEDIR} && nextflow run -process.executor=local nf-core/rnaseq -r 3.11.2 -profile test,singularity --outdir $outdir"
amd,nf-rnaseq-em-2,1,4,10,gpu:0,8,360,Milan,"module load nextflow && export NXF_OPTS='-XX:-UsePerfData -Xms500M -Xmx4G' NXF_WORK=work NXF_TEMP=/tmp/nf-rnaseq-em-2/tmp outdir=output SINGULARITY_TMPDIR=/tmp SINGULARITY_CACHEDIR=/vast/scratch/users/$USER/.scache && mkdir -p ${NXF_WORK} ${NXF_TEMP} ${SINGULARITY_TMPDIR} ${outdir} ${SINGULARITY_CACHEDIR} && nextflow run -process.executor=local nf-core/rnaseq -r 3.11.2 -profile test,singularity --outdir $outdir"
amd,nf-rnaseq-em-3,1,4,10,gpu:0,8,360,Milan,"module load nextflow && export NXF_OPTS='-XX:-UsePerfData -Xms500M -Xmx4G' NXF_WORK=work NXF_TEMP=/tmp/nf-rnaseq-em-3/tmp outdir=output SINGULARITY_TMPDIR=/tmp SINGULARITY_CACHEDIR=/vast/scratch/users/$USER/.scache && mkdir -p ${NXF_WORK} ${NXF_TEMP} ${SINGULARITY_TMPDIR} ${outdir} ${SINGULARITY_CACHEDIR} && nextflow run -process.executor=local nf-core/rnaseq -r 3.11.2 -profile test,singularity --outdir $outdir"
amd,nf-rnaseq-em-4,1,4,10,gpu:0,8,360,Milan,"module load nextflow && export NXF_OPTS='-XX:-UsePerfData -Xms500M -Xmx4G' NXF_WORK=work NXF_TEMP=/tmp/nf-rnaseq-em-4/tmp outdir=output SINGULARITY_TMPDIR=/tmp SINGULARITY_CACHEDIR=/vast/scratch/users/$USER/.scache && mkdir -p ${NXF_WORK} ${NXF_TEMP} ${SINGULARITY_TMPDIR} ${outdir} ${SINGULARITY_CACHEDIR} && nextflow run -process.executor=local nf-core/rnaseq -r 3.11.2 -profile test,singularity --outdir $outdir"
amd,nf-rnaseq-em-5,1,4,10,gpu:0,8,360,Milan,"module load nextflow && export NXF_OPTS='-XX:-UsePerfData -Xms500M -Xmx4G' NXF_WORK=work NXF_TEMP=/tmp/nf-rnaseq-em-5/tmp outdir=output SINGULARITY_TMPDIR=/tmp SINGULARITY_CACHEDIR=/vast/scratch/users/$USER/.scache && mkdir -p ${NXF_WORK} ${NXF_TEMP} ${SINGULARITY_TMPDIR} ${outdir} ${SINGULARITY_CACHEDIR} && nextflow run -process.executor=local nf-core/rnaseq -r 3.11.2 -profile test,singularity --outdir $outdir"
amd,nf-chipseq-em-1,1,4,10,gpu:0,8,360,Milan,"module load nextflow && export NXF_OPTS='-XX:-UsePerfData -Xms500M -Xmx4G' NXF_WORK=work NXF_TEMP=/tmp/nf-chipseq-em-1/tmp outdir=output SINGULARITY_TMPDIR=/tmp SINGULARITY_CACHEDIR=/vast/scratch/users/$USER/.scache && mkdir -p ${NXF_WORK} ${NXF_TEMP} ${SINGULARITY_TMPDIR} ${outdir} ${SINGULARITY_CACHEDIR} && nextflow run -process.executor=local nf-core/chipseq -r 2.0.0 -profile test,singularity --outdir $outdir"
amd,nf-chipseq-em-2,1,4,10,gpu:0,8,360,Milan,"module load nextflow && export NXF_OPTS='-XX:-UsePerfData -Xms500M -Xmx4G' NXF_WORK=work NXF_TEMP=/tmp/nf-chipseq-em-2/tmp outdir=output SINGULARITY_TMPDIR=/tmp SINGULARITY_CACHEDIR=/vast/scratch/users/$USER/.scache && mkdir -p ${NXF_WORK} ${NXF_TEMP} ${SINGULARITY_TMPDIR} ${outdir} ${SINGULARITY_CACHEDIR} && nextflow run -process.executor=local nf-core/chipseq -r 2.0.0 -profile test,singularity --outdir $outdir"
amd,nf-chipseq-em-3,1,4,10,gpu:0,8,360,Milan,"module load nextflow && export NXF_OPTS='-XX:-UsePerfData -Xms500M -Xmx4G' NXF_WORK=work NXF_TEMP=/tmp/nf-chipseq-em-3/tmp outdir=output SINGULARITY_TMPDIR=/tmp SINGULARITY_CACHEDIR=/vast/scratch/users/$USER/.scache && mkdir -p ${NXF_WORK} ${NXF_TEMP} ${SINGULARITY_TMPDIR} ${outdir} ${SINGULARITY_CACHEDIR} && nextflow run -process.executor=local nf-core/chipseq -r 2.0.0 -profile test,singularity --outdir $outdir"
amd,nf-chipseq-em-4,1,4,10,gpu:0,8,360,Milan,"module load nextflow && export NXF_OPTS='-XX:-UsePerfData -Xms500M -Xmx4G' NXF_WORK=work NXF_TEMP=/tmp/nf-chipseq-em-4/tmp outdir=output SINGULARITY_TMPDIR=/tmp SINGULARITY_CACHEDIR=/vast/scratch/users/$USER/.scache && mkdir -p ${NXF_WORK} ${NXF_TEMP} ${SINGULARITY_TMPDIR} ${outdir} ${SINGULARITY_CACHEDIR} && nextflow run -process.executor=local nf-core/chipseq -r 2.0.0 -profile test,singularity --outdir $outdir"
amd,nf-chipseq-em-5,1,4,10,gpu:0,8,360,Milan,"module load nextflow && export NXF_OPTS='-XX:-UsePerfData -Xms500M -Xmx4G' NXF_WORK=work NXF_TEMP=/tmp/nf-chipseq-em-5/tmp outdir=output SINGULARITY_TMPDIR=/tmp SINGULARITY_CACHEDIR=/vast/scratch/users/$USER/.scache && mkdir -p ${NXF_WORK} ${NXF_TEMP} ${SINGULARITY_TMPDIR} ${outdir} ${SINGULARITY_CACHEDIR} && nextflow run -process.executor=local nf-core/chipseq -r 2.0.0 -profile test,singularity --outdir $outdir"
amd,nf-atacseq-em-1,1,4,10,gpu:0,8,360,Milan,"module load nextflow && export NXF_OPTS='-XX:-UsePerfData -Xms500M -Xmx4G' NXF_WORK=work NXF_TEMP=/tmp/nf-atacseq-em-1/tmp outdir=output SINGULARITY_TMPDIR=/tmp SINGULARITY_CACHEDIR=/vast/scratch/users/$USER/.scache && mkdir -p ${NXF_WORK} ${NXF_TEMP} ${SINGULARITY_TMPDIR} ${outdir} ${SINGULARITY_CACHEDIR} && nextflow run -process.executor=local nf-core/atacseq -profile test,singularity --outdir $outdir"
amd,nf-atacseq-em-2,1,4,10,gpu:0,8,360,Milan,"module load nextflow && export NXF_OPTS='-XX:-UsePerfData -Xms500M -Xmx4G' NXF_WORK=work NXF_TEMP=/tmp/nf-atacseq-em-2/tmp outdir=output SINGULARITY_TMPDIR=/tmp SINGULARITY_CACHEDIR=/vast/scratch/users/$USER/.scache && mkdir -p ${NXF_WORK} ${NXF_TEMP} ${SINGULARITY_TMPDIR} ${outdir} ${SINGULARITY_CACHEDIR} && nextflow run -process.executor=local nf-core/atacseq -profile test,singularity --outdir $outdir"
amd,nf-atacseq-em-3,1,4,10,gpu:0,8,360,Milan,"module load nextflow && export NXF_OPTS='-XX:-UsePerfData -Xms500M -Xmx4G' NXF_WORK=work NXF_TEMP=/tmp/nf-atacseq-em-3/tmp outdir=output SINGULARITY_TMPDIR=/tmp SINGULARITY_CACHEDIR=/vast/scratch/users/$USER/.scache && mkdir -p ${NXF_WORK} ${NXF_TEMP} ${SINGULARITY_TMPDIR} ${outdir} ${SINGULARITY_CACHEDIR} && nextflow run -process.executor=local nf-core/atacseq -profile test,singularity --outdir $outdir"
amd,nf-atacseq-em-4,1,4,10,gpu:0,8,360,Milan,"module load nextflow && export NXF_OPTS='-XX:-UsePerfData -Xms500M -Xmx4G' NXF_WORK=work NXF_TEMP=/tmp/nf-atacseq-em-4/tmp outdir=output SINGULARITY_TMPDIR=/tmp SINGULARITY_CACHEDIR=/vast/scratch/users/$USER/.scache && mkdir -p ${NXF_WORK} ${NXF_TEMP} ${SINGULARITY_TMPDIR} ${outdir} ${SINGULARITY_CACHEDIR} && nextflow run -process.executor=local nf-core/atacseq -profile test,singularity --outdir $outdir"
amd,nf-atacseq-em-5,1,4,10,gpu:0,8,360,Milan,"module load nextflow && export NXF_OPTS='-XX:-UsePerfData -Xms500M -Xmx4G' NXF_WORK=work NXF_TEMP=/tmp/nf-atacseq-em-5/tmp outdir=output SINGULARITY_TMPDIR=/tmp SINGULARITY_CACHEDIR=/vast/scratch/users/$USER/.scache && mkdir -p ${NXF_WORK} ${NXF_TEMP} ${SINGULARITY_TMPDIR} ${outdir} ${SINGULARITY_CACHEDIR} && nextflow run -process.executor=local nf-core/atacseq -profile test,singularity --outdir $outdir"
amd,nf-mag-em-1,1,4,10,gpu:0,8,360,Milan,"module load nextflow && export NXF_OPTS='-XX:-UsePerfData -Xms500M -Xmx4G' NXF_WORK=work NXF_TEMP=/tmp/nf-mag-em-1/tmp outdir=output SINGULARITY_TMPDIR=/tmp/nf-mag-em-1/stmp SINGULARITY_CACHEDIR=/vast/scratch/users/$USER/.scache && mkdir -p ${NXF_WORK} ${NXF_TEMP} ${SINGULARITY_TMPDIR} ${outdir} ${SINGULARITY_CACHEDIR} && nextflow run -process.executor=local nf-core/mag -r 2.3.0 -profile test,singularity --outdir $outdir"
amd,nf-mag-em-2,1,4,10,gpu:0,8,360,Milan,"module load nextflow && export NXF_OPTS='-XX:-UsePerfData -Xms500M -Xmx4G' NXF_WORK=work NXF_TEMP=/tmp/nf-mag-em-2/tmp outdir=output SINGULARITY_TMPDIR=/tmp/nf-mag-em-2/stmp SINGULARITY_CACHEDIR=/vast/scratch/users/$USER/.scache && mkdir -p ${NXF_WORK} ${NXF_TEMP} ${SINGULARITY_TMPDIR} ${outdir} ${SINGULARITY_CACHEDIR} && nextflow run -process.executor=local nf-core/mag -r 2.3.0 -profile test,singularity --outdir $outdir"
amd,nf-mag-em-3,1,4,10,gpu:0,8,360,Milan,"module load nextflow && export NXF_OPTS='-XX:-UsePerfData -Xms500M -Xmx4G' NXF_WORK=work NXF_TEMP=/tmp/nf-mag-em-3/tmp outdir=output SINGULARITY_TMPDIR=/tmp/nf-mag-em-3/stmp SINGULARITY_CACHEDIR=/vast/scratch/users/$USER/.scache && mkdir -p ${NXF_WORK} ${NXF_TEMP} ${SINGULARITY_TMPDIR} ${outdir} ${SINGULARITY_CACHEDIR} && nextflow run -process.executor=local nf-core/mag -r 2.3.0 -profile test,singularity --outdir $outdir"
amd,nf-mag-em-4,1,4,10,gpu:0,8,360,Milan,"module load nextflow && export NXF_OPTS='-XX:-UsePerfData -Xms500M -Xmx4G' NXF_WORK=work NXF_TEMP=/tmp/nf-mag-em-4/tmp outdir=output SINGULARITY_TMPDIR=/tmp/nf-mag-em-4/stmp SINGULARITY_CACHEDIR=/vast/scratch/users/$USER/.scache && mkdir -p ${NXF_WORK} ${NXF_TEMP} ${SINGULARITY_TMPDIR} ${outdir} ${SINGULARITY_CACHEDIR} && nextflow run -process.executor=local nf-core/mag -r 2.3.0 -profile test,singularity --outdir $outdir"
amd,nf-mag-em-5,1,4,10,gpu:0,8,360,Milan,"module load nextflow && export NXF_OPTS='-XX:-UsePerfData -Xms500M -Xmx4G' NXF_WORK=work NXF_TEMP=/tmp/nf-mag-em-5/tmp outdir=output SINGULARITY_TMPDIR=/tmp/nf-mag-em-5/stmp SINGULARITY_CACHEDIR=/vast/scratch/users/$USER/.scache && mkdir -p ${NXF_WORK} ${NXF_TEMP} ${SINGULARITY_TMPDIR} ${outdir} ${SINGULARITY_CACHEDIR} && nextflow run -process.executor=local nf-core/mag -r 2.3.0 -profile test,singularity --outdir $outdir"
amd,nf-ampliseq-em-1,1,4,10,gpu:0,8,360,Milan,"module load nextflow && export NXF_OPTS='-XX:-UsePerfData -Xms500M -Xmx4G' NXF_WORK=work NXF_TEMP=/tmp/nf-ampliseq-em-1/tmp outdir=output SINGULARITY_TMPDIR=/tmp/nf-ampliseq-em-1/stmp SINGULARITY_CACHEDIR=/vast/scratch/users/$USER/.scache && mkdir -p ${NXF_WORK} ${NXF_TEMP} ${SINGULARITY_TMPDIR} ${outdir} ${SINGULARITY_CACHEDIR} && nextflow run -process.executor=local nf-core/ampliseq -r 2.6.0 -profile test,singularity --outdir $outdir"
amd,nf-ampliseq-em-2,1,4,10,gpu:0,8,360,Milan,"module load nextflow && export NXF_OPTS='-XX:-UsePerfData -Xms500M -Xmx4G' NXF_WORK=work NXF_TEMP=/tmp/nf-ampliseq-em-2/tmp outdir=output SINGULARITY_TMPDIR=/tmp/nf-ampliseq-em-2/stmp SINGULARITY_CACHEDIR=/vast/scratch/users/$USER/.scache && mkdir -p ${NXF_WORK} ${NXF_TEMP} ${SINGULARITY_TMPDIR} ${outdir} ${SINGULARITY_CACHEDIR} && nextflow run -process.executor=local nf-core/ampliseq -r 2.6.0 -profile test,singularity --outdir $outdir"
amd,nf-ampliseq-em-3,1,4,10,gpu:0,8,360,Milan,"module load nextflow && export NXF_OPTS='-XX:-UsePerfData -Xms500M -Xmx4G' NXF_WORK=work NXF_TEMP=/tmp/nf-ampliseq-em-3/tmp outdir=output SINGULARITY_TMPDIR=/tmp/nf-ampliseq-em-3/stmp SINGULARITY_CACHEDIR=/vast/scratch/users/$USER/.scache && mkdir -p ${NXF_WORK} ${NXF_TEMP} ${SINGULARITY_TMPDIR} ${outdir} ${SINGULARITY_CACHEDIR} && nextflow run -process.executor=local nf-core/ampliseq -r 2.6.0 -profile test,singularity --outdir $outdir"
amd,nf-ampliseq-em-4,1,4,10,gpu:0,8,360,Milan,"module load nextflow && export NXF_OPTS='-XX:-UsePerfData -Xms500M -Xmx4G' NXF_WORK=work NXF_TEMP=/tmp/nf-ampliseq-em-4/tmp outdir=output SINGULARITY_TMPDIR=/tmp/nf-ampliseq-em-4/stmp SINGULARITY_CACHEDIR=/vast/scratch/users/$USER/.scache && mkdir -p ${NXF_WORK} ${NXF_TEMP} ${SINGULARITY_TMPDIR} ${outdir} ${SINGULARITY_CACHEDIR} && nextflow run -process.executor=local nf-core/ampliseq -r 2.6.0 -profile test,singularity --outdir $outdir"
amd,nf-ampliseq-em-5,1,4,10,gpu:0,8,360,Milan,"module load nextflow && export NXF_OPTS='-XX:-UsePerfData -Xms500M -Xmx4G' NXF_WORK=work NXF_TEMP=/tmp/nf-ampliseq-em-5/tmp outdir=output SINGULARITY_TMPDIR=/tmp/nf-ampliseq-em-5/stmp SINGULARITY_CACHEDIR=/vast/scratch/users/$USER/.scache && mkdir -p ${NXF_WORK} ${NXF_TEMP} ${SINGULARITY_TMPDIR} ${outdir} ${SINGULARITY_CACHEDIR} && nextflow run -process.executor=local nf-core/ampliseq -r 2.6.0 -profile test,singularity --outdir $outdir"